Time,
2017-02-22 00:00:00 UTC,18077749836.5856
2017-02-23 00:00:00 UTC,18182537471.285
2017-02-24 00:00:00 UTC,19090539145.3133
2017-02-25 00:00:00 UTC,19035619792.2123
2017-02-26 00:00:00 UTC,18590940206.2636
2017-02-27 00:00:00 UTC,19097999987.0816
2017-02-28 00:00:00 UTC,19377889947.1027
2017-03-01 00:00:00 UTC,19212522882.403
2017-03-02 00:00:00 UTC,19837687859.8202
2017-03-03 00:00:00 UTC,20358095032.8476
2017-03-04 00:00:00 UTC,20772551744.0202
2017-03-05 00:00:00 UTC,20448677836.5389
2017-03-06 00:00:00 UTC,20622828454.2176
2017-03-07 00:00:00 UTC,20679615562.6845
2017-03-08 00:00:00 UTC,19975892872.6923
2017-03-09 00:00:00 UTC,18534433862.6623
2017-03-10 00:00:00 UTC,19433033838.2419
2017-03-11 00:00:00 UTC,18143400868.7612
2017-03-12 00:00:00 UTC,19052823547.0279
2017-03-13 00:00:00 UTC,19815897101.861
2017-03-14 00:00:00 UTC,20064332898.9823
2017-03-15 00:00:00 UTC,20167417095.6957
2017-03-16 00:00:00 UTC,20332172915.7232
2017-03-17 00:00:00 UTC,18858231891.9785
2017-03-18 00:00:00 UTC,17553481004.8435
2017-03-19 00:00:00 UTC,15899759709.3826
2017-03-20 00:00:00 UTC,16540562270.946
2017-03-21 00:00:00 UTC,17037126515.5637
2017-03-22 00:00:00 UTC,18041504687.8643
2017-03-23 00:00:00 UTC,16948563635.7999
2017-03-24 00:00:00 UTC,16762144466.0382
2017-03-25 00:00:00 UTC,15310824176.2168
2017-03-26 00:00:00 UTC,15702233020.783
2017-03-27 00:00:00 UTC,15650946650.8738
2017-03-28 00:00:00 UTC,16837805324.6066
2017-03-29 00:00:00 UTC,16804572763.3276
2017-03-30 00:00:00 UTC,17008587583.3954
2017-03-31 00:00:00 UTC,16930461514.7979
2017-04-01 00:00:00 UTC,17542444679.413
2017-04-02 00:00:00 UTC,17623884422.6817
2017-04-03 00:00:00 UTC,18093035053.6075
2017-04-04 00:00:00 UTC,18663576086.9521
2017-04-05 00:00:00 UTC,18552634044.0825
2017-04-06 00:00:00 UTC,18538237923.8253
2017-04-07 00:00:00 UTC,19286825430.5123
2017-04-08 00:00:00 UTC,19270326739.1741
2017-04-09 00:00:00 UTC,19257002237.886
2017-04-10 00:00:00 UTC,19656735887.2991
2017-04-11 00:00:00 UTC,19683608584.5194
2017-04-12 00:00:00 UTC,19934676002.8373
2017-04-13 00:00:00 UTC,19789361290.2617
2017-04-14 00:00:00 UTC,19159993409.9775
2017-04-15 00:00:00 UTC,19271778495.1911
2017-04-16 00:00:00 UTC,19242540858.7659
2017-04-17 00:00:00 UTC,19311900486.9967
2017-04-18 00:00:00 UTC,19678695538.5468
2017-04-19 00:00:00 UTC,19967761028.8055
2017-04-20 00:00:00 UTC,20052667485.8804
2017-04-21 00:00:00 UTC,20573791295.7563
2017-04-22 00:00:00 UTC,20730747079.482
2017-04-23 00:00:00 UTC,20777181748.8938
2017-04-24 00:00:00 UTC,20956753355.0347
2017-04-25 00:00:00 UTC,20913509267.6283
2017-04-26 00:00:00 UTC,21320244103.8116
2017-04-27 00:00:00 UTC,21699159437.7662
2017-04-28 00:00:00 UTC,22244602742.1518
2017-04-29 00:00:00 UTC,22121513410.9265
2017-04-30 00:00:00 UTC,22005592514.9489
2017-05-01 00:00:00 UTC,22313976019.6683
2017-05-02 00:00:00 UTC,23363341281.4216
2017-05-03 00:00:00 UTC,24146174368.4571
2017-05-04 00:00:00 UTC,24849027009.5509
2017-05-05 00:00:00 UTC,25195510972.5988
2017-05-06 00:00:00 UTC,24933040410.8785
2017-05-07 00:00:00 UTC,25431454420.5937
2017-05-08 00:00:00 UTC,25743814851.9083
2017-05-09 00:00:00 UTC,27037964776.9508
2017-05-10 00:00:00 UTC,28012099345.25
2017-05-11 00:00:00 UTC,28710076381.7301
2017-05-12 00:00:00 UTC,29879093845.7663
2017-05-13 00:00:00 UTC,27573196839.3036
2017-05-14 00:00:00 UTC,29171781090.9155
2017-05-15 00:00:00 UTC,29239356345.5065
2017-05-16 00:00:00 UTC,28060736072.2861
2017-05-17 00:00:00 UTC,28487532549.4587
2017-05-18 00:00:00 UTC,29602629044.9221
2017-05-19 00:00:00 UTC,31159211158.3642
2017-05-20 00:00:00 UTC,32161310790.3664
2017-05-21 00:00:00 UTC,33282268367.7004
2017-05-22 00:00:00 UTC,33143692319.8068
2017-05-23 00:00:00 UTC,34794566389.1237
2017-05-24 00:00:00 UTC,37277201600.2916
2017-05-25 00:00:00 UTC,40032659928.1113
2017-05-26 00:00:00 UTC,38192540827.3982
2017-05-27 00:00:00 UTC,36179142013.8662
2017-05-28 00:00:00 UTC,33990235575.8132
2017-05-29 00:00:00 UTC,35384530615.2618
2017-05-30 00:00:00 UTC,36502238304.516
2017-05-31 00:00:00 UTC,36037443020.923
2017-06-01 00:00:00 UTC,37426122480.1427
2017-06-02 00:00:00 UTC,38922182555.3065
2017-06-03 00:00:00 UTC,40255932958.9555
2017-06-04 00:00:00 UTC,40845562001.2021
2017-06-05 00:00:00 UTC,41308796526.5181
2017-06-06 00:00:00 UTC,44185113476.858
2017-06-07 00:00:00 UTC,46630480644.7176
2017-06-08 00:00:00 UTC,43151666700.7789
2017-06-09 00:00:00 UTC,45772035419.6615
2017-06-10 00:00:00 UTC,46087381630.7661
2017-06-11 00:00:00 UTC,46933313774.3663
2017-06-12 00:00:00 UTC,48430418091.3553
2017-06-13 00:00:00 UTC,43535574334.0739
2017-06-14 00:00:00 UTC,44372694891.4158
2017-06-15 00:00:00 UTC,39810560978.3759
2017-06-16 00:00:00 UTC,39007599456.8499
2017-06-17 00:00:00 UTC,40379422933.4234
2017-06-18 00:00:00 UTC,42774209268.9147
2017-06-19 00:00:00 UTC,41263357528.6379
2017-06-20 00:00:00 UTC,42708094464.9839
2017-06-21 00:00:00 UTC,44466989073.8641
2017-06-22 00:00:00 UTC,43515301674.6154
2017-06-23 00:00:00 UTC,44248908639.1383
2017-06-24 00:00:00 UTC,44084504083.0627
2017-06-25 00:00:00 UTC,41624977854.6185
2017-06-26 00:00:00 UTC,41000275229.0649
2017-06-27 00:00:00 UTC,39394226416.7394
2017-06-28 00:00:00 UTC,41244066152.0178
2017-06-29 00:00:00 UTC,41656937448.0452
2017-06-30 00:00:00 UTC,41436230891.0217
2017-07-01 00:00:00 UTC,40250071825.6467
2017-07-02 00:00:00 UTC,39092614359.2936
2017-07-03 00:00:00 UTC,40656386058.4383
2017-07-04 00:00:00 UTC,41813835795.0903
2017-07-05 00:00:00 UTC,42121297887.7282
2017-07-06 00:00:00 UTC,42613235944.62
2017-07-07 00:00:00 UTC,42593721553.0431
2017-07-08 00:00:00 UTC,40815300224.7655
2017-07-09 00:00:00 UTC,41825221425.6159
2017-07-10 00:00:00 UTC,40931386464.2776
2017-07-11 00:00:00 UTC,38596680832.9043
2017-07-12 00:00:00 UTC,37349216250.7262
2017-07-13 00:00:00 UTC,38981433470.9573
2017-07-14 00:00:00 UTC,38258460171.0777
2017-07-15 00:00:00 UTC,36151492760.4422
2017-07-16 00:00:00 UTC,32488429366.9437
2017-07-17 00:00:00 UTC,31683466113.6421
2017-07-18 00:00:00 UTC,36131970620.1867
2017-07-19 00:00:00 UTC,37332778354.3733
2017-07-20 00:00:00 UTC,37366122477.1732
2017-07-21 00:00:00 UTC,45270647620.4441
2017-07-22 00:00:00 UTC,43745906159.1062
2017-07-23 00:00:00 UTC,46496804924.7045
2017-07-24 00:00:00 UTC,44988891549.9755
2017-07-25 00:00:00 UTC,45457587426.6617
2017-07-26 00:00:00 UTC,42585756131.0176
2017-07-27 00:00:00 UTC,41640360607.7209
2017-07-28 00:00:00 UTC,44271646030.8102
2017-07-29 00:00:00 UTC,45648963391.6751
2017-07-30 00:00:00 UTC,44461597642.4816
2017-07-31 00:00:00 UTC,44942219948.0809
2017-08-01 00:00:00 UTC,46639628085.564
2017-08-02 00:00:00 UTC,44600941892.7189
2017-08-03 00:00:00 UTC,44661180156.6849
2017-08-04 00:00:00 UTC,45969945792.0412
2017-08-05 00:00:00 UTC,47089327481.3022
2017-08-06 00:00:00 UTC,53782830427.679
2017-08-07 00:00:00 UTC,53096129806.9006
2017-08-08 00:00:00 UTC,55530738905.2854
2017-08-09 00:00:00 UTC,56183500757.176
2017-08-10 00:00:00 UTC,55084078330.4257
2017-08-11 00:00:00 UTC,56214488227.7752
2017-08-12 00:00:00 UTC,60246919621.2593
2017-08-13 00:00:00 UTC,64350999533.1837
2017-08-14 00:00:00 UTC,67242110370.2481
2017-08-15 00:00:00 UTC,71556588859.2142
2017-08-16 00:00:00 UTC,68545894918.0838
2017-08-17 00:00:00 UTC,72043470625.6018
2017-08-18 00:00:00 UTC,70631158462.3765
2017-08-19 00:00:00 UTC,68191977422.3624
2017-08-20 00:00:00 UTC,67606025979.5549
2017-08-21 00:00:00 UTC,67337899060.9133
2017-08-22 00:00:00 UTC,64927844981.3991
2017-08-23 00:00:00 UTC,67219732948.5415
2017-08-24 00:00:00 UTC,68280082609.9524
2017-08-25 00:00:00 UTC,71726210950.2694
2017-08-26 00:00:00 UTC,71921255224.0857
2017-08-27 00:00:00 UTC,71627366170.2245
2017-08-28 00:00:00 UTC,71225581989.646
2017-08-29 00:00:00 UTC,72157376525.6926
2017-08-30 00:00:00 UTC,75590608311.9801
2017-08-31 00:00:00 UTC,75691204818.565
2017-09-01 00:00:00 UTC,78244122979.3699
2017-09-02 00:00:00 UTC,81221741153.5375
2017-09-03 00:00:00 UTC,76462012013.0524
2017-09-04 00:00:00 UTC,75615483674.4556
2017-09-05 00:00:00 UTC,69886022134.7089
2017-09-06 00:00:00 UTC,73272068475.9942
2017-09-07 00:00:00 UTC,75738302739.7426
2017-09-08 00:00:00 UTC,76121202124.99
2017-09-09 00:00:00 UTC,71272733906.4993
2017-09-10 00:00:00 UTC,71253622705.6188
2017-09-11 00:00:00 UTC,70133180219.1853
2017-09-12 00:00:00 UTC,70027984799.0054
2017-09-13 00:00:00 UTC,68343252483.5862
2017-09-14 00:00:00 UTC,64470450276.5668
2017-09-15 00:00:00 UTC,54712144697.2179
2017-09-16 00:00:00 UTC,61820522997.0692
2017-09-17 00:00:00 UTC,60703402966.8774
2017-09-18 00:00:00 UTC,61696529776.9058
2017-09-19 00:00:00 UTC,67374813620.4259
2017-09-20 00:00:00 UTC,64641829765.0005
2017-09-21 00:00:00 UTC,63907107721.2295
2017-09-22 00:00:00 UTC,60245876441.9203
2017-09-23 00:00:00 UTC,59551961444.0835
2017-09-24 00:00:00 UTC,62257739284.8985
2017-09-25 00:00:00 UTC,60839403811.2624
2017-09-26 00:00:00 UTC,65058776296.0444
2017-09-27 00:00:00 UTC,64494260106.5546
2017-09-28 00:00:00 UTC,69377417683.9119
2017-09-29 00:00:00 UTC,69394465405.8103
2017-09-30 00:00:00 UTC,69093660640.3303
2017-10-01 00:00:00 UTC,72192480940.9216
2017-10-02 00:00:00 UTC,72854064545.8864
2017-10-03 00:00:00 UTC,72644186446.0089
2017-10-04 00:00:00 UTC,71280504970.1325
2017-10-05 00:00:00 UTC,69882052655.0652
2017-10-06 00:00:00 UTC,71413171397.4491
2017-10-07 00:00:00 UTC,72494188107.7723
2017-10-08 00:00:00 UTC,73661239522.9651
2017-10-09 00:00:00 UTC,76037824514.7588
2017-10-10 00:00:00 UTC,79919457164.0707
2017-10-11 00:00:00 UTC,78734290920.6641
2017-10-12 00:00:00 UTC,79932947133.0833
2017-10-13 00:00:00 UTC,90122363217.3605
2017-10-14 00:00:00 UTC,93092775324.2498
2017-10-15 00:00:00 UTC,96434738464.3372
2017-10-16 00:00:00 UTC,94568725096.3899
2017-10-17 00:00:00 UTC,95526733583.2106
2017-10-18 00:00:00 UTC,91651233979.2888
2017-10-19 00:00:00 UTC,91953059955.7492
2017-10-20 00:00:00 UTC,94750012312.8136
2017-10-21 00:00:00 UTC,99057177688.4295
2017-10-22 00:00:00 UTC,100181153334.12
2017-10-23 00:00:00 UTC,98828321865.8904
2017-10-24 00:00:00 UTC,96072612766.0229
2017-10-25 00:00:00 UTC,91567520785.9675
2017-10-26 00:00:00 UTC,94920676006.1951
2017-10-27 00:00:00 UTC,98666326507.9635
2017-10-28 00:00:00 UTC,96766348000.655
2017-10-29 00:00:00 UTC,94967044231.0358
2017-10-30 00:00:00 UTC,101996490019.991
2017-10-31 00:00:00 UTC,101977967400.968
2017-11-01 00:00:00 UTC,106270483357.978
2017-11-02 00:00:00 UTC,112566651043.367
2017-11-03 00:00:00 UTC,116320634574.802
2017-11-04 00:00:00 UTC,117884949946.891
2017-11-05 00:00:00 UTC,122139256040.281
2017-11-06 00:00:00 UTC,122461828327.516
2017-11-07 00:00:00 UTC,116961684707.638
2017-11-08 00:00:00 UTC,118067210559.686
2017-11-09 00:00:00 UTC,122569227835.27
2017-11-10 00:00:00 UTC,120569972799.078
2017-11-11 00:00:00 UTC,110093773224.668
2017-11-12 00:00:00 UTC,104659765577.211
2017-11-13 00:00:00 UTC,98861213881.7678
2017-11-14 00:00:00 UTC,109421929586.561
2017-11-15 00:00:00 UTC,111560943313.932
2017-11-16 00:00:00 UTC,120584435243.912
2017-11-17 00:00:00 UTC,132101409017.68
2017-11-18 00:00:00 UTC,126542589931.236
2017-11-19 00:00:00 UTC,129277914943.757
2017-11-20 00:00:00 UTC,133899762700.58
2017-11-21 00:00:00 UTC,137271170944.673
2017-11-22 00:00:00 UTC,135567263598.181
2017-11-23 00:00:00 UTC,137405824687.596
2017-11-24 00:00:00 UTC,133797737286.503
2017-11-25 00:00:00 UTC,136428511902.059
2017-11-26 00:00:00 UTC,146505727700.879
2017-11-27 00:00:00 UTC,156905476785.517
2017-11-28 00:00:00 UTC,161966428257.942
2017-11-29 00:00:00 UTC,165470161568.368
2017-11-30 00:00:00 UTC,165576831369.1
2017-12-01 00:00:00 UTC,166342542210.889
2017-12-02 00:00:00 UTC,182407691650.372
2017-12-03 00:00:00 UTC,182245992688.895
2017-12-04 00:00:00 UTC,188068763295.398
2017-12-05 00:00:00 UTC,193565360599.57
2017-12-06 00:00:00 UTC,196677077777.489
2017-12-07 00:00:00 UTC,232812890105.362
2017-12-08 00:00:00 UTC,284588411706.036
2017-12-09 00:00:00 UTC,270379980720.119
2017-12-10 00:00:00 UTC,242713613318.982
2017-12-11 00:00:00 UTC,254921349759.57
2017-12-12 00:00:00 UTC,278462017435.12
2017-12-13 00:00:00 UTC,288861162333.749
2017-12-14 00:00:00 UTC,274034743977.086
2017-12-15 00:00:00 UTC,281241778796.699
2017-12-16 00:00:00 UTC,294959842782.07
2017-12-17 00:00:00 UTC,322570050535.284
2017-12-18 00:00:00 UTC,312296919539.442
2017-12-19 00:00:00 UTC,316222026132.557
2017-12-20 00:00:00 UTC,277552849519.507
2017-12-21 00:00:00 UTC,278152531152.999
2017-12-22 00:00:00 UTC,260286918815.735
2017-12-23 00:00:00 UTC,233249739462.34
2017-12-24 00:00:00 UTC,240856785714.785
2017-12-25 00:00:00 UTC,234449645585.532
2017-12-26 00:00:00 UTC,236037099563.097
2017-12-27 00:00:00 UTC,263339881780.916
2017-12-28 00:00:00 UTC,255590975234.59
2017-12-29 00:00:00 UTC,241365015338.47
2017-12-30 00:00:00 UTC,239623546102.8
2017-12-31 00:00:00 UTC,213873890998.351
2018-01-01 00:00:00 UTC,230067102735.294
2018-01-02 00:00:00 UTC,230660659378.04
2018-01-03 00:00:00 UTC,249536154686.505
2018-01-04 00:00:00 UTC,253139019199.046
2018-01-05 00:00:00 UTC,252478516492.277
2018-01-06 00:00:00 UTC,281361906075.724
2018-01-07 00:00:00 UTC,285745993563.139
2018-01-08 00:00:00 UTC,271030740451.435
2018-01-09 00:00:00 UTC,253022824379.861
2018-01-10 00:00:00 UTC,237832515469.104
2018-01-11 00:00:00 UTC,248997218970.463
2018-01-12 00:00:00 UTC,219591143891.625
2018-01-13 00:00:00 UTC,236099647811.639
2018-01-14 00:00:00 UTC,238975637136.762
2018-01-15 00:00:00 UTC,229998909340.032
2018-01-16 00:00:00 UTC,224042927173.458
2018-01-17 00:00:00 UTC,191329276740.878
2018-01-18 00:00:00 UTC,185584809113.021
2018-01-19 00:00:00 UTC,190766081033.908
2018-01-20 00:00:00 UTC,194445937400.871
2018-01-21 00:00:00 UTC,211515162340.34
2018-01-22 00:00:00 UTC,194911126130.138
2018-01-23 00:00:00 UTC,181440392703.392
2018-01-24 00:00:00 UTC,180650431111.218
2018-01-25 00:00:00 UTC,190687607177.589
2018-01-26 00:00:00 UTC,189340910412.359
2018-01-27 00:00:00 UTC,187240081443.701
2018-01-28 00:00:00 UTC,193065936004.441
2018-01-29 00:00:00 UTC,196894884142.431
2018-01-30 00:00:00 UTC,187946906929.833
2018-01-31 00:00:00 UTC,166523191475.577
2018-02-01 00:00:00 UTC,171098507931.392
2018-02-02 00:00:00 UTC,149228965969.539
2018-02-03 00:00:00 UTC,147723450249.343
2018-02-04 00:00:00 UTC,153368317515.733
2018-02-05 00:00:00 UTC,138930274458.002
2018-02-06 00:00:00 UTC,117722432757.759
2018-02-07 00:00:00 UTC,128043558732.283
2018-02-08 00:00:00 UTC,129991837421.347
2018-02-09 00:00:00 UTC,135435680595.539
2018-02-10 00:00:00 UTC,147775282714.978
2018-02-11 00:00:00 UTC,141582077011.871
2018-02-12 00:00:00 UTC,137645202908.335
2018-02-13 00:00:00 UTC,149460118300.692
2018-02-14 00:00:00 UTC,144441764571.983
2018-02-15 00:00:00 UTC,158413146157.857
2018-02-16 00:00:00 UTC,170791944705.298
2018-02-17 00:00:00 UTC,170762792737.361
2018-02-18 00:00:00 UTC,186363289057.33
2018-02-19 00:00:00 UTC,175090433834.512
2018-02-20 00:00:00 UTC,190703276323.616
2018-02-21 00:00:00 UTC,185615448642.52
2018-02-22 00:00:00 UTC,175486241668.494
2018-02-23 00:00:00 UTC,163514283476.999
2018-02-24 00:00:00 UTC,173009996913.872
2018-02-25 00:00:00 UTC,162264202577.298
2018-02-26 00:00:00 UTC,161611870966.919
2018-02-27 00:00:00 UTC,174497675730.52
2018-02-28 00:00:00 UTC,178783574762.333
2018-03-01 00:00:00 UTC,173759682325.874
2018-03-02 00:00:00 UTC,185533650581.095
2018-03-03 00:00:00 UTC,186606220675.179
2018-03-04 00:00:00 UTC,192358352518.499
2018-03-05 00:00:00 UTC,192928799948.803
2018-03-06 00:00:00 UTC,191080817876.913
2018-03-07 00:00:00 UTC,182860705961.886
2018-03-08 00:00:00 UTC,168487279757.526
2018-03-09 00:00:00 UTC,158465586968.433
2018-03-10 00:00:00 UTC,156880206095.922
2018-03-11 00:00:00 UTC,145485453989.855
2018-03-12 00:00:00 UTC,162069554677.71
2018-03-13 00:00:00 UTC,154661672702.466
2018-03-14 00:00:00 UTC,156277549632.409
2018-03-15 00:00:00 UTC,137472762944.408
2018-03-16 00:00:00 UTC,138823352896.172
2018-03-17 00:00:00 UTC,139685386784.275
2018-03-18 00:00:00 UTC,131754877961.906
2018-03-19 00:00:00 UTC,141226115059.775
2018-03-20 00:00:00 UTC,143670969431.451
2018-03-21 00:00:00 UTC,150577304823.801
2018-03-22 00:00:00 UTC,151435401030.621
2018-03-23 00:00:00 UTC,146790557379.756
2018-03-24 00:00:00 UTC,150631190951.217
2018-03-25 00:00:00 UTC,144127830447.335
2018-03-26 00:00:00 UTC,142638411262.022
2018-03-27 00:00:00 UTC,138489202382.363
2018-03-28 00:00:00 UTC,131810531741.485
2018-03-29 00:00:00 UTC,134251084043.735
2018-03-30 00:00:00 UTC,117564489341.99
2018-03-31 00:00:00 UTC,118111751113.79
2018-04-01 00:00:00 UTC,118483361414.361
2018-04-02 00:00:00 UTC,116253004605.383
2018-04-03 00:00:00 UTC,119507782267.355
2018-04-04 00:00:00 UTC,125234268219.686
2018-04-05 00:00:00 UTC,114850330334.646
2018-04-06 00:00:00 UTC,115283324327.08
2018-04-07 00:00:00 UTC,112060157519.642
2018-04-08 00:00:00 UTC,117624954188.493
2018-04-09 00:00:00 UTC,119633376146.782
2018-04-10 00:00:00 UTC,114690693181.529
2018-04-11 00:00:00 UTC,116071864486.776
2018-04-12 00:00:00 UTC,117624083039.685
2018-04-13 00:00:00 UTC,134240364429.95
2018-04-14 00:00:00 UTC,133361811260.572
2018-04-15 00:00:00 UTC,136856918927.2
2018-04-16 00:00:00 UTC,142089728484.453
2018-04-17 00:00:00 UTC,136221768153.607
2018-04-18 00:00:00 UTC,134108900678.48
2018-04-19 00:00:00 UTC,138029032775.511
2018-04-20 00:00:00 UTC,141465923544.109
2018-04-21 00:00:00 UTC,149887727367.762
2018-04-22 00:00:00 UTC,150264518829.518
2018-04-23 00:00:00 UTC,149533848225.063
2018-04-24 00:00:00 UTC,154336225375.132
2018-04-25 00:00:00 UTC,163050020377.179
2018-04-26 00:00:00 UTC,148728549044.772
2018-04-27 00:00:00 UTC,156859800969.625
2018-04-28 00:00:00 UTC,152388007959.291
2018-04-29 00:00:00 UTC,159273334605.208
2018-04-30 00:00:00 UTC,159140953062.381
2018-05-01 00:00:00 UTC,153885029875.944
2018-05-02 00:00:00 UTC,153762538495.439
2018-05-03 00:00:00 UTC,156163370227.268
2018-05-04 00:00:00 UTC,162992478996.161
2018-05-05 00:00:00 UTC,165133914246.953
2018-05-06 00:00:00 UTC,167688086084.685
2018-05-07 00:00:00 UTC,162299173654.63
2018-05-08 00:00:00 UTC,159182490589.791
2018-05-09 00:00:00 UTC,155481038075.487
2018-05-10 00:00:00 UTC,158350452346.298
2018-05-11 00:00:00 UTC,151206836328.531
2018-05-12 00:00:00 UTC,143326509615.668
2018-05-13 00:00:00 UTC,144057762605.456
2018-05-14 00:00:00 UTC,146966951786.954
2018-05-15 00:00:00 UTC,148050466731.319
2018-05-16 00:00:00 UTC,143838501347.39
2018-05-17 00:00:00 UTC,142053307786.193
2018-05-18 00:00:00 UTC,136164240345.893
2018-05-19 00:00:00 UTC,139813629516.934
2018-05-20 00:00:00 UTC,139535549642.571
2018-05-21 00:00:00 UTC,144530007159.958
2018-05-22 00:00:00 UTC,142578596015.961
2018-05-23 00:00:00 UTC,136146036426.147
2018-05-24 00:00:00 UTC,128720202725.825
2018-05-25 00:00:00 UTC,128432694166.918
2018-05-26 00:00:00 UTC,126725313149.318
2018-05-27 00:00:00 UTC,123651229229.851
2018-05-28 00:00:00 UTC,125278016381.018
2018-05-29 00:00:00 UTC,121234929795.336
2018-05-30 00:00:00 UTC,127088811383.43
2018-05-31 00:00:00 UTC,125225870611.377
2018-06-01 00:00:00 UTC,127729253040.583
2018-06-02 00:00:00 UTC,127673020911.57
2018-06-03 00:00:00 UTC,130157857086.077
2018-06-04 00:00:00 UTC,131581792445.668
2018-06-05 00:00:00 UTC,127645998502.291
2018-06-06 00:00:00 UTC,129730555984.419
2018-06-07 00:00:00 UTC,130839629858.358
2018-06-08 00:00:00 UTC,130933287622.128
2018-06-09 00:00:00 UTC,129921372861.527
2018-06-10 00:00:00 UTC,125816923629.391
2018-06-11 00:00:00 UTC,114975360382.954
2018-06-12 00:00:00 UTC,116660346748.55
2018-06-13 00:00:00 UTC,111869530723.653
2018-06-14 00:00:00 UTC,107265695504.066
2018-06-15 00:00:00 UTC,112930091249.902
2018-06-16 00:00:00 UTC,109356785623.342
2018-06-17 00:00:00 UTC,110932161728.835
2018-06-18 00:00:00 UTC,109667494594.411
2018-06-19 00:00:00 UTC,114537359060.171
2018-06-20 00:00:00 UTC,114454765331.321
2018-06-21 00:00:00 UTC,115093725317.16
2018-06-22 00:00:00 UTC,114691485812.693
2018-06-23 00:00:00 UTC,104446757534.067
2018-06-24 00:00:00 UTC,104917683224.661
2018-06-25 00:00:00 UTC,105346074606.436
2018-06-26 00:00:00 UTC,106648425770.266
2018-06-27 00:00:00 UTC,103339005562.432
2018-06-28 00:00:00 UTC,104799196622.286
2018-06-29 00:00:00 UTC,100476728682.049
2018-06-30 00:00:00 UTC,106391757489.825
2018-07-01 00:00:00 UTC,109554254788.675
2018-07-02 00:00:00 UTC,108480999213.204
2018-07-03 00:00:00 UTC,113087210332.094
2018-07-04 00:00:00 UTC,110919671314.042
2018-07-05 00:00:00 UTC,112304174943.474
2018-07-06 00:00:00 UTC,111743080618.202
2018-07-07 00:00:00 UTC,112658515346.104
2018-07-08 00:00:00 UTC,115681440853.922
2018-07-09 00:00:00 UTC,114995072310.833
2018-07-10 00:00:00 UTC,114236346663.496
2018-07-11 00:00:00 UTC,108140617300.611
2018-07-12 00:00:00 UTC,108749528880.298
2018-07-13 00:00:00 UTC,106848784221.206
2018-07-14 00:00:00 UTC,106754854417.079
2018-07-15 00:00:00 UTC,106782641105.59
2018-07-16 00:00:00 UTC,108693438735.588
2018-07-17 00:00:00 UTC,114750390390.5
2018-07-18 00:00:00 UTC,125465896723.361
2018-07-19 00:00:00 UTC,125547304089.008
2018-07-20 00:00:00 UTC,126797452532.543
2018-07-21 00:00:00 UTC,124506897020.913
2018-07-22 00:00:00 UTC,126636297323.979
2018-07-23 00:00:00 UTC,127205552997.26
2018-07-24 00:00:00 UTC,132118785072.495
2018-07-25 00:00:00 UTC,144601737375.895
2018-07-26 00:00:00 UTC,140410534193.264
2018-07-27 00:00:00 UTC,135488442091.967
2018-07-28 00:00:00 UTC,140124200505.662
2018-07-29 00:00:00 UTC,141453259652.622
2018-07-30 00:00:00 UTC,139143378237.89
2018-07-31 00:00:00 UTC,139470536174.429
2018-08-01 00:00:00 UTC,132376680865.65
2018-08-02 00:00:00 UTC,130527208576.902
2018-08-03 00:00:00 UTC,127882668447.687
2018-08-04 00:00:00 UTC,127160614226.79
2018-08-05 00:00:00 UTC,119405893975.24
2018-08-06 00:00:00 UTC,120908818602.256
2018-08-07 00:00:00 UTC,119443425748.181
2018-08-08 00:00:00 UTC,113318778673.543
2018-08-09 00:00:00 UTC,107806376140.933
2018-08-10 00:00:00 UTC,112490193952.185
2018-08-11 00:00:00 UTC,104846692667.543
2018-08-12 00:00:00 UTC,107475599752.103
2018-08-13 00:00:00 UTC,108573400604.456
2018-08-14 00:00:00 UTC,106663674444.807
2018-08-15 00:00:00 UTC,106639141890.247
2018-08-16 00:00:00 UTC,107447591887.426
2018-08-17 00:00:00 UTC,108079732877.219
2018-08-18 00:00:00 UTC,112705565869.337
2018-08-19 00:00:00 UTC,109325742560.884
2018-08-20 00:00:00 UTC,111656774241.271
2018-08-21 00:00:00 UTC,107883932251.622
2018-08-22 00:00:00 UTC,110849994191.266
2018-08-23 00:00:00 UTC,109314260781.582
2018-08-24 00:00:00 UTC,111734728544.017
2018-08-25 00:00:00 UTC,115429467076.329
2018-08-26 00:00:00 UTC,115936583749.27
2018-08-27 00:00:00 UTC,114956824909.614
2018-08-28 00:00:00 UTC,118333432180.275
2018-08-29 00:00:00 UTC,121437574061.481
2018-08-30 00:00:00 UTC,120858712953.11
2018-08-31 00:00:00 UTC,119768393719.761
2018-09-01 00:00:00 UTC,120809492407.898
2018-09-02 00:00:00 UTC,123198748602.611
2018-09-03 00:00:00 UTC,125275718165.378
2018-09-04 00:00:00 UTC,124795214014.024
2018-09-05 00:00:00 UTC,126593739061.201
2018-09-06 00:00:00 UTC,113860335805.172
2018-09-07 00:00:00 UTC,111225696799.061
2018-09-08 00:00:00 UTC,110427646574.256
2018-09-09 00:00:00 UTC,106263594943.932
2018-09-10 00:00:00 UTC,107477357346.223
2018-09-11 00:00:00 UTC,108607021770.768
2018-09-12 00:00:00 UTC,107987311977.564
2018-09-13 00:00:00 UTC,110096017439.87
2018-09-14 00:00:00 UTC,111412884431.546
2018-09-15 00:00:00 UTC,111698350065.551
2018-09-16 00:00:00 UTC,111911880111.592
2018-09-17 00:00:00 UTC,112281402233.412
2018-09-18 00:00:00 UTC,107520945890.234
2018-09-19 00:00:00 UTC,108873357938.219
2018-09-20 00:00:00 UTC,110243975221.262
2018-09-21 00:00:00 UTC,112116676497.28
2018-09-22 00:00:00 UTC,117299670662.453
2018-09-23 00:00:00 UTC,115560436620.579
2018-09-24 00:00:00 UTC,115308579086.469
2018-09-25 00:00:00 UTC,112461140605.739
2018-09-26 00:00:00 UTC,110568948380.603
2018-09-27 00:00:00 UTC,111784413089.71
2018-09-28 00:00:00 UTC,115523732610.867
2018-09-29 00:00:00 UTC,113918521844.074
2018-09-30 00:00:00 UTC,113087653153.377
2018-10-01 00:00:00 UTC,114157869182.848
2018-10-02 00:00:00 UTC,113158757311.112
2018-10-03 00:00:00 UTC,112245361404.563
2018-10-04 00:00:00 UTC,111817990532.503
2018-10-05 00:00:00 UTC,113592322613.299
2018-10-06 00:00:00 UTC,113642013745.612
2018-10-07 00:00:00 UTC,113082823703.822
2018-10-08 00:00:00 UTC,113656622991.157
2018-10-09 00:00:00 UTC,114550274918.71
2018-10-10 00:00:00 UTC,113758801729.686
2018-10-11 00:00:00 UTC,112144649073.747
2018-10-12 00:00:00 UTC,106521316390.679
2018-10-13 00:00:00 UTC,107839469131.263
2018-10-14 00:00:00 UTC,108000234388.567
2018-10-15 00:00:00 UTC,107703880119.943
2018-10-16 00:00:00 UTC,113013632679.15
2018-10-17 00:00:00 UTC,112161847405.739
2018-10-18 00:00:00 UTC,111854282388.916
2018-10-19 00:00:00 UTC,111036764528.9
2018-10-20 00:00:00 UTC,110347021613.88
2018-10-21 00:00:00 UTC,111159713654.568
2018-10-22 00:00:00 UTC,112035685146.993
2018-10-23 00:00:00 UTC,112052457023.59
2018-10-24 00:00:00 UTC,110862895312.74
2018-10-25 00:00:00 UTC,111999751097.964
2018-10-26 00:00:00 UTC,111678409236.768
2018-10-27 00:00:00 UTC,111035744320.226
2018-10-28 00:00:00 UTC,110879470057.832
2018-10-29 00:00:00 UTC,110914492331.466
2018-10-30 00:00:00 UTC,108491592705.742
2018-10-31 00:00:00 UTC,108618672480.115
2018-11-01 00:00:00 UTC,109394572978.262
2018-11-02 00:00:00 UTC,109966936979.021
2018-11-03 00:00:00 UTC,109898577804.486
2018-11-04 00:00:00 UTC,109577110402.474
2018-11-05 00:00:00 UTC,111556412165.99
2018-11-06 00:00:00 UTC,110931679234.811
2018-11-07 00:00:00 UTC,111903101966.777
2018-11-08 00:00:00 UTC,112790179305.594
2018-11-09 00:00:00 UTC,111137235457.895
2018-11-10 00:00:00 UTC,109779613095.126
2018-11-11 00:00:00 UTC,110142763636.173
2018-11-12 00:00:00 UTC,110807985280.672
2018-11-13 00:00:00 UTC,109809796203.593
2018-11-14 00:00:00 UTC,108476626391.816
2018-11-15 00:00:00 UTC,97181114934.8365
2018-11-16 00:00:00 UTC,96832599497.1376
2018-11-17 00:00:00 UTC,96166931728.6752
2018-11-18 00:00:00 UTC,96254760355.2305
2018-11-19 00:00:00 UTC,96212224131.4965
2018-11-20 00:00:00 UTC,83232955063.924
2018-11-21 00:00:00 UTC,75666529760.7905
2018-11-22 00:00:00 UTC,78779801115.3287
2018-11-23 00:00:00 UTC,74814746233.4392
2018-11-24 00:00:00 UTC,75203176487.8479
2018-11-25 00:00:00 UTC,65987328528.0271
2018-11-26 00:00:00 UTC,69986549674.1507
2018-11-27 00:00:00 UTC,64655829974.1189
2018-11-28 00:00:00 UTC,66063492513.2706
2018-11-29 00:00:00 UTC,73246831451.0922
2018-11-30 00:00:00 UTC,73118324523.0459
2018-12-01 00:00:00 UTC,68907441778.5219
2018-12-02 00:00:00 UTC,72536644274.2668
2018-12-03 00:00:00 UTC,71136417446.0059
2018-12-04 00:00:00 UTC,66312114592.2742
2018-12-05 00:00:00 UTC,67949257850.3072
2018-12-06 00:00:00 UTC,64661768582.9585
2018-12-07 00:00:00 UTC,59660111728.2571
2018-12-08 00:00:00 UTC,59226797559.9151
2018-12-09 00:00:00 UTC,59227017825.1362
2018-12-10 00:00:00 UTC,62045350458.1619
2018-12-11 00:00:00 UTC,59159641083.0894
2018-12-12 00:00:00 UTC,58138487587.8129
2018-12-13 00:00:00 UTC,59803121666.1003
2018-12-14 00:00:00 UTC,56652331871.2052
2018-12-15 00:00:00 UTC,55694170615.9171
2018-12-16 00:00:00 UTC,55975883233.2151
2018-12-17 00:00:00 UTC,55847331483.3749
2018-12-18 00:00:00 UTC,61217764854.8147
2018-12-19 00:00:00 UTC,64333513730.71
2018-12-20 00:00:00 UTC,64555731793.2943
2018-12-21 00:00:00 UTC,70606686434.1225
2018-12-22 00:00:00 UTC,67150234302.5398
2018-12-23 00:00:00 UTC,69563963891.3235
2018-12-24 00:00:00 UTC,69926906356.1535
2018-12-25 00:00:00 UTC,69297302540.9184
2018-12-26 00:00:00 UTC,65751046827.3694
2018-12-27 00:00:00 UTC,66194437480.6055
2018-12-28 00:00:00 UTC,62999647223.1301
2018-12-29 00:00:00 UTC,68172119956.7259
2018-12-30 00:00:00 UTC,65155458327.8896
2018-12-31 00:00:00 UTC,66938568021.2809
2019-01-01 00:00:00 UTC,64707155604.6223
2019-01-02 00:00:00 UTC,66772625078.0109
2019-01-03 00:00:00 UTC,67953584455.6931
2019-01-04 00:00:00 UTC,65814764707.4519
2019-01-05 00:00:00 UTC,67262899585.1347
2019-01-06 00:00:00 UTC,66397847305.6048
2019-01-07 00:00:00 UTC,70896050585.4098
2019-01-08 00:00:00 UTC,70054546961.9653
2019-01-09 00:00:00 UTC,69704549242.0049
2019-01-10 00:00:00 UTC,69979056583.0029
2019-01-11 00:00:00 UTC,63296488856.1278
2019-01-12 00:00:00 UTC,63541700186.3943
2019-01-13 00:00:00 UTC,63049575324.8673
2019-01-14 00:00:00 UTC,61304837314.0077
2019-01-15 00:00:00 UTC,64111783362.7911
2019-01-16 00:00:00 UTC,62447887965.0407
2019-01-17 00:00:00 UTC,62993382462.2305
2019-01-18 00:00:00 UTC,63370094348.9254
2019-01-19 00:00:00 UTC,63065210073.1517
2019-01-20 00:00:00 UTC,64337766088.2573
2019-01-21 00:00:00 UTC,61825040498.8323
2019-01-22 00:00:00 UTC,61704854069.3522
2019-01-23 00:00:00 UTC,62464747278.4621
2019-01-24 00:00:00 UTC,62008670239.7278
2019-01-25 00:00:00 UTC,62404883182.3635
2019-01-26 00:00:00 UTC,62201141586.6808
2019-01-27 00:00:00 UTC,62024699909.9357
2019-01-28 00:00:00 UTC,61602760049.1067
2019-01-29 00:00:00 UTC,60022416312.6855
2019-01-30 00:00:00 UTC,59036727841.9621
2019-01-31 00:00:00 UTC,60368659612.9585
2019-02-01 00:00:00 UTC,59730749669.8687
2019-02-02 00:00:00 UTC,60080633719.5366
2019-02-03 00:00:00 UTC,60624741589.8793
2019-02-04 00:00:00 UTC,59835064627.576
2019-02-05 00:00:00 UTC,59561380631.0367
2019-02-06 00:00:00 UTC,59786253414.518
2019-02-07 00:00:00 UTC,58872127002.7133
2019-02-08 00:00:00 UTC,58770691948.0821
2019-02-09 00:00:00 UTC,63337471862.4759
2019-02-10 00:00:00 UTC,63578513105.6626
2019-02-11 00:00:00 UTC,63235145129.7081
2019-02-12 00:00:00 UTC,62493928686.8804
2019-02-13 00:00:00 UTC,62896243987.1944
2019-02-14 00:00:00 UTC,62693323397.3076
2019-02-15 00:00:00 UTC,62479866737.7761
2019-02-16 00:00:00 UTC,62514443496.6208
2019-02-17 00:00:00 UTC,62814745041.114
2019-02-18 00:00:00 UTC,63827006117.174
2019-02-19 00:00:00 UTC,67999978611.5851
2019-02-20 00:00:00 UTC,68193163870.5639
2019-02-21 00:00:00 UTC,68760355130.6039
2019-02-22 00:00:00 UTC,68373888599.8365
2019-02-23 00:00:00 UTC,68997887512.0672
2019-02-24 00:00:00 UTC,72202856656.937
2019-02-25 00:00:00 UTC,65781359533.7906
2019-02-26 00:00:00 UTC,66893041397.655
2019-02-27 00:00:00 UTC,66389761132.8417
2019-02-28 00:00:00 UTC,66615447167.4073
2019-03-01 00:00:00 UTC,66555171963.7919
2019-03-02 00:00:00 UTC,66803051074.3111
2019-03-03 00:00:00 UTC,66784900521.283
2019-03-04 00:00:00 UTC,67106596462.1972
2019-03-05 00:00:00 UTC,64984655772.4758
2019-03-06 00:00:00 UTC,67432093317.988
2019-03-07 00:00:00 UTC,67721825831.3279
2019-03-08 00:00:00 UTC,67695822877.7278
2019-03-09 00:00:00 UTC,67471727053.0712
2019-03-10 00:00:00 UTC,68521089777.141
2019-03-11 00:00:00 UTC,68473012972.6952
2019-03-12 00:00:00 UTC,67458076670.8647
2019-03-13 00:00:00 UTC,67731116201.9473
2019-03-14 00:00:00 UTC,67593234442.4545
2019-03-15 00:00:00 UTC,67686613193.7714
2019-03-16 00:00:00 UTC,68513076365.5389
2019-03-17 00:00:00 UTC,69960075337.2135
2019-03-18 00:00:00 UTC,69640430564.4937
2019-03-19 00:00:00 UTC,70321644430.5462
2019-03-20 00:00:00 UTC,70675259878.25
2019-03-21 00:00:00 UTC,70866673447.9175
2019-03-22 00:00:00 UTC,69762298933.1624
2019-03-23 00:00:00 UTC,69832926778.2915
2019-03-24 00:00:00 UTC,69802914825.7762
2019-03-25 00:00:00 UTC,69568088978.6808
2019-03-26 00:00:00 UTC,68602806314.4885
2019-03-27 00:00:00 UTC,68703387223.6244
2019-03-28 00:00:00 UTC,70506231979.7061
2019-03-29 00:00:00 UTC,70577051539.4705
2019-03-30 00:00:00 UTC,72318898839.7915
2019-03-31 00:00:00 UTC,71770115793.8315
2019-04-01 00:00:00 UTC,72190036129.1748
2019-04-02 00:00:00 UTC,72626095630.2197
2019-04-03 00:00:00 UTC,86691144871.0087
2019-04-04 00:00:00 UTC,87791818897.4187
2019-04-05 00:00:00 UTC,86933836470.2302
2019-04-06 00:00:00 UTC,88073574484.3897
2019-04-07 00:00:00 UTC,88811363241.607
2019-04-08 00:00:00 UTC,91945186332.7285
2019-04-09 00:00:00 UTC,92567479543.7364
2019-04-10 00:00:00 UTC,91441983713.4144
2019-04-11 00:00:00 UTC,93417130055.088
2019-04-12 00:00:00 UTC,88641302352.0765
2019-04-13 00:00:00 UTC,89154410011.3056
2019-04-14 00:00:00 UTC,89226756315.6703
2019-04-15 00:00:00 UTC,90637556546.4367
2019-04-16 00:00:00 UTC,88581425879.1926
2019-04-17 00:00:00 UTC,92348317725.3566
2019-04-18 00:00:00 UTC,91964903945.799
2019-04-19 00:00:00 UTC,92736288548.9666
2019-04-20 00:00:00 UTC,93148480257.4105
2019-04-21 00:00:00 UTC,93739778717.3397
2019-04-22 00:00:00 UTC,93362579153.6133
2019-04-23 00:00:00 UTC,94751531048.4302
2019-04-24 00:00:00 UTC,97677854356.1823
2019-04-25 00:00:00 UTC,96107650598.0349
2019-04-26 00:00:00 UTC,90604136984.4276
2019-04-27 00:00:00 UTC,91993977824.6091
2019-04-28 00:00:00 UTC,92339272200.3052
2019-04-29 00:00:00 UTC,91072751730.3891
2019-04-30 00:00:00 UTC,91100788815.6204
2019-05-01 00:00:00 UTC,93696592021.7375
2019-05-02 00:00:00 UTC,94026725980.7964
2019-05-03 00:00:00 UTC,95315321804.2649
2019-05-04 00:00:00 UTC,101263551296.013
2019-05-05 00:00:00 UTC,101660773714.925
2019-05-06 00:00:00 UTC,102125930911.024
2019-05-07 00:00:00 UTC,102895285057.416
2019-05-08 00:00:00 UTC,102759875722.726
2019-05-09 00:00:00 UTC,106474688947.367
2019-05-10 00:00:00 UTC,108974766462.277
2019-05-11 00:00:00 UTC,112738113366.67
2019-05-12 00:00:00 UTC,125261046098.027
2019-05-13 00:00:00 UTC,122109937917.741
2019-05-14 00:00:00 UTC,138969723571.223
2019-05-15 00:00:00 UTC,142584256614.852
2019-05-16 00:00:00 UTC,145974741945.768
2019-05-17 00:00:00 UTC,139279352329.184
2019-05-18 00:00:00 UTC,129490927019.811
2019-05-19 00:00:00 UTC,128567396665.482
2019-05-20 00:00:00 UTC,140389655932.858
2019-05-21 00:00:00 UTC,140784270195.613
2019-05-22 00:00:00 UTC,140801135632.905
2019-05-23 00:00:00 UTC,134199220290.862
2019-05-24 00:00:00 UTC,138694780888.389
2019-05-25 00:00:00 UTC,141116239372.03
2019-05-26 00:00:00 UTC,142204968511.246
2019-05-27 00:00:00 UTC,156028320274.013
2019-05-28 00:00:00 UTC,154986924263.372
2019-05-29 00:00:00 UTC,153434768040.197
2019-05-30 00:00:00 UTC,152797389840.068
2019-05-31 00:00:00 UTC,146848530389.341
2019-06-01 00:00:00 UTC,150631832203.364
2019-06-02 00:00:00 UTC,151343174410.111
2019-06-03 00:00:00 UTC,153441110846.188
2019-06-04 00:00:00 UTC,140423623433.651
2019-06-05 00:00:00 UTC,137034134735.006
2019-06-06 00:00:00 UTC,137439488356.97
2019-06-07 00:00:00 UTC,137721246151.861
2019-06-08 00:00:00 UTC,141967322333.037
2019-06-09 00:00:00 UTC,140059589333.255
2019-06-10 00:00:00 UTC,134021145353.133
2019-06-11 00:00:00 UTC,141446988748.251
2019-06-12 00:00:00 UTC,139163374404.048
2019-06-13 00:00:00 UTC,144409694838.153
2019-06-14 00:00:00 UTC,145651502701.289
2019-06-15 00:00:00 UTC,153233410819.821
2019-06-16 00:00:00 UTC,156094497621.996
2019-06-17 00:00:00 UTC,159707246496.659
2019-06-18 00:00:00 UTC,165166810135.29
2019-06-19 00:00:00 UTC,160780646375.418
2019-06-20 00:00:00 UTC,164318678349.271
2019-06-21 00:00:00 UTC,169354928378.223
2019-06-22 00:00:00 UTC,180272982576.751
2019-06-23 00:00:00 UTC,192020551276.255
2019-06-24 00:00:00 UTC,188433105486.356
2019-06-25 00:00:00 UTC,196065768132.806
2019-06-26 00:00:00 UTC,209420411032.299
2019-06-27 00:00:00 UTC,232115349100.038
2019-06-28 00:00:00 UTC,200084068576.797
2019-06-29 00:00:00 UTC,216860809008.777
2019-06-30 00:00:00 UTC,213446778208.531
2019-07-01 00:00:00 UTC,192320516896.04
2019-07-02 00:00:00 UTC,186398843576.013
2019-07-03 00:00:00 UTC,194252277644.073
2019-07-04 00:00:00 UTC,212250486740.895
2019-07-05 00:00:00 UTC,197162290641.146
2019-07-06 00:00:00 UTC,200431110408.164
2019-07-07 00:00:00 UTC,198528891030.669
2019-07-08 00:00:00 UTC,203122020441.496
2019-07-09 00:00:00 UTC,217647240196.775
2019-07-10 00:00:00 UTC,226687440094.161
2019-07-11 00:00:00 UTC,211049878957.984
2019-07-12 00:00:00 UTC,201701000892.331
2019-07-13 00:00:00 UTC,208959537034.443
2019-07-14 00:00:00 UTC,200694171400.936
2019-07-15 00:00:00 UTC,178570086470.396
2019-07-16 00:00:00 UTC,192762864668.521
2019-07-17 00:00:00 UTC,168386875382.579
2019-07-18 00:00:00 UTC,171584036508.116
2019-07-19 00:00:00 UTC,188433906095.616
2019-07-20 00:00:00 UTC,187128509194.109
2019-07-21 00:00:00 UTC,191700064146.809
2019-07-22 00:00:00 UTC,188214383291.053
2019-07-23 00:00:00 UTC,182042013757.709
2019-07-24 00:00:00 UTC,172260326198.927
2019-07-25 00:00:00 UTC,177340273086.265
2019-07-26 00:00:00 UTC,172989095615.138
2019-07-27 00:00:00 UTC,180075355216.342
2019-07-28 00:00:00 UTC,167428990427.278
2019-07-29 00:00:00 UTC,169103583470.035
2019-07-30 00:00:00 UTC,168982511910.848
2019-07-31 00:00:00 UTC,171830232941.994
2019-08-01 00:00:00 UTC,179397022681.75
2019-08-02 00:00:00 UTC,184922275728.585
2019-08-03 00:00:00 UTC,187280218617.172
2019-08-04 00:00:00 UTC,193636560766.472
2019-08-05 00:00:00 UTC,196797699761.619
2019-08-06 00:00:00 UTC,209397903579.246
2019-08-07 00:00:00 UTC,203797065005.443
2019-08-08 00:00:00 UTC,212403389422.599
2019-08-09 00:00:00 UTC,212817666546.534
2019-08-10 00:00:00 UTC,212200164599.009
2019-08-11 00:00:00 UTC,201906066072.345
2019-08-12 00:00:00 UTC,204470064388.797
2019-08-13 00:00:00 UTC,202592086906.898
2019-08-14 00:00:00 UTC,192518763127.425
2019-08-15 00:00:00 UTC,180128378752.212
2019-08-16 00:00:00 UTC,183760283456.752
2019-08-17 00:00:00 UTC,182753231964.276
2019-08-18 00:00:00 UTC,182208361545.803
2019-08-19 00:00:00 UTC,183426438203.188
2019-08-20 00:00:00 UTC,194381898667.346
2019-08-21 00:00:00 UTC,191255123404.101
2019-08-22 00:00:00 UTC,180017328610.521
2019-08-23 00:00:00 UTC,179598803982.553
2019-08-24 00:00:00 UTC,185086705128.181
2019-08-25 00:00:00 UTC,180569528427.942
2019-08-26 00:00:00 UTC,186563495137.471
2019-08-27 00:00:00 UTC,184213908142.583
2019-08-28 00:00:00 UTC,180874992594.155
2019-08-29 00:00:00 UTC,172618456125.682
2019-08-30 00:00:00 UTC,168676541008.311
2019-08-31 00:00:00 UTC,171034196307.659
2019-09-01 00:00:00 UTC,171333048377.274
2019-09-02 00:00:00 UTC,174170879857.074
2019-09-03 00:00:00 UTC,185678470304.555
2019-09-04 00:00:00 UTC,188999313602.201
2019-09-05 00:00:00 UTC,187939355246.881
2019-09-06 00:00:00 UTC,188776665333.539
2019-09-07 00:00:00 UTC,184456646454.299
2019-09-08 00:00:00 UTC,187515203244.021
2019-09-09 00:00:00 UTC,185769009660.334
2019-09-10 00:00:00 UTC,184681643333.784
2019-09-11 00:00:00 UTC,181262335546.148
2019-09-12 00:00:00 UTC,181582205111.781
2019-09-13 00:00:00 UTC,186047334150.465
2019-09-14 00:00:00 UTC,184850569410.15
2019-09-15 00:00:00 UTC,185277184084.23
2019-09-16 00:00:00 UTC,184530446678.233
2019-09-17 00:00:00 UTC,182643388712.038
2019-09-18 00:00:00 UTC,182299782468.168
2019-09-19 00:00:00 UTC,181724664290.321
2019-09-20 00:00:00 UTC,183641985225.419
2019-09-21 00:00:00 UTC,181635045132.703
2019-09-22 00:00:00 UTC,178033002012.818
2019-09-23 00:00:00 UTC,178586989823.641
2019-09-24 00:00:00 UTC,173376204287.795
2019-09-25 00:00:00 UTC,154629450645.99
2019-09-26 00:00:00 UTC,150551270634.377
2019-09-27 00:00:00 UTC,143969184422.676
2019-09-28 00:00:00 UTC,146785159077.108
2019-09-29 00:00:00 UTC,146846127746.829
2019-09-30 00:00:00 UTC,143969536399.94
2019-10-01 00:00:00 UTC,147192502252.246
2019-10-02 00:00:00 UTC,148685673180.793
2019-10-03 00:00:00 UTC,149771685994.464
2019-10-04 00:00:00 UTC,146127128406.03
2019-10-05 00:00:00 UTC,145640726222.67
2019-10-06 00:00:00 UTC,145933124604.167
2019-10-07 00:00:00 UTC,140107047985.449
2019-10-08 00:00:00 UTC,147297645437.527
2019-10-09 00:00:00 UTC,146274689777.642
2019-10-10 00:00:00 UTC,153666315296.475
2019-10-11 00:00:00 UTC,153107412274.895
2019-10-12 00:00:00 UTC,148455372707.337
2019-10-13 00:00:00 UTC,148995758258.402
2019-10-14 00:00:00 UTC,147904988285.648
2019-10-15 00:00:00 UTC,150143315722.282
2019-10-16 00:00:00 UTC,146167048236.826
2019-10-17 00:00:00 UTC,143019417563.827
2019-10-18 00:00:00 UTC,144808999096.807
2019-10-19 00:00:00 UTC,142377293310.578
2019-10-20 00:00:00 UTC,142241745476.07
2019-10-21 00:00:00 UTC,147345944176.718
2019-10-22 00:00:00 UTC,146882853217.896
2019-10-23 00:00:00 UTC,144040664169.662
2019-10-24 00:00:00 UTC,134061257828.304
2019-10-25 00:00:00 UTC,133386602760.274
2019-10-26 00:00:00 UTC,162331285337.412
2019-10-27 00:00:00 UTC,166985829387.956
2019-10-28 00:00:00 UTC,172630580183.355
2019-10-29 00:00:00 UTC,166504287823.95
2019-10-30 00:00:00 UTC,168785482199.811
2019-10-31 00:00:00 UTC,164676660559.482
2019-11-01 00:00:00 UTC,163751608780.815
2019-11-02 00:00:00 UTC,166127431623.539
2019-11-03 00:00:00 UTC,167173079892.988
2019-11-04 00:00:00 UTC,164847171456.94
2019-11-05 00:00:00 UTC,168568918571.256
2019-11-06 00:00:00 UTC,167260289329.471
2019-11-07 00:00:00 UTC,167529508563.886
2019-11-08 00:00:00 UTC,164876602872.343
2019-11-09 00:00:00 UTC,157512187130.016
2019-11-10 00:00:00 UTC,157936033098.959
2019-11-11 00:00:00 UTC,162465042594.848
2019-11-12 00:00:00 UTC,156874045053.535
2019-11-13 00:00:00 UTC,158011256552.602
2019-11-14 00:00:00 UTC,157635705452.53
2019-11-15 00:00:00 UTC,155014274965.568
2019-11-16 00:00:00 UTC,151876726201.366
2019-11-17 00:00:00 UTC,152603890248.026
2019-11-18 00:00:00 UTC,152396596072.365
2019-11-19 00:00:00 UTC,146852938925.409
2019-11-20 00:00:00 UTC,145958427346.436
2019-11-21 00:00:00 UTC,145215784989.404
2019-11-22 00:00:00 UTC,137079329593.406
2019-11-23 00:00:00 UTC,130417771251.594
2019-11-24 00:00:00 UTC,131294160788.191
2019-11-25 00:00:00 UTC,123359283820.173
2019-11-26 00:00:00 UTC,128362356881.61
2019-11-27 00:00:00 UTC,128722166947.407
2019-11-28 00:00:00 UTC,135565009169.233
2019-11-29 00:00:00 UTC,133968450250.694
2019-11-30 00:00:00 UTC,139512342034.581
2019-12-01 00:00:00 UTC,135152794334.109
2019-12-02 00:00:00 UTC,132871797707.807
2019-12-03 00:00:00 UTC,132845968117.558
2019-12-04 00:00:00 UTC,130079939894.538
2019-12-05 00:00:00 UTC,129857983366.362
2019-12-06 00:00:00 UTC,132565222071.497
2019-12-07 00:00:00 UTC,135553312772.591
2019-12-08 00:00:00 UTC,134899941570.399
2019-12-09 00:00:00 UTC,135461614973.477
2019-12-10 00:00:00 UTC,132042493543.044
2019-12-11 00:00:00 UTC,130228865037.021
2019-12-12 00:00:00 UTC,129102403088.816
2019-12-13 00:00:00 UTC,129616683786.74
2019-12-14 00:00:00 UTC,130396695452.741
2019-12-15 00:00:00 UTC,126651090358.813
2019-12-16 00:00:00 UTC,127396044829.923
2019-12-17 00:00:00 UTC,123936824560.277
2019-12-18 00:00:00 UTC,119054496977.19
2019-12-19 00:00:00 UTC,132230777776.396
2019-12-20 00:00:00 UTC,128680211839.119
2019-12-21 00:00:00 UTC,129395381695.402
2019-12-22 00:00:00 UTC,128598099199.664
2019-12-23 00:00:00 UTC,136236047972.841
2019-12-24 00:00:00 UTC,131599936122.385
2019-12-25 00:00:00 UTC,130459798263.447
2019-12-26 00:00:00 UTC,129956033007.892
2019-12-27 00:00:00 UTC,129730220528.36
2019-12-28 00:00:00 UTC,130895900942.962
2019-12-29 00:00:00 UTC,131589873912.106
2019-12-30 00:00:00 UTC,132369972755.582
2019-12-31 00:00:00 UTC,130024678911.753
2020-01-01 00:00:00 UTC,129146786058.895
2020-01-02 00:00:00 UTC,129677140530.14
2020-01-03 00:00:00 UTC,125186451194.013
2020-01-04 00:00:00 UTC,132046719550.899
2020-01-05 00:00:00 UTC,133136818125.013
2020-01-06 00:00:00 UTC,132631549715.193
2020-01-07 00:00:00 UTC,143623438359.889
2020-01-08 00:00:00 UTC,150580215356.409
2020-01-09 00:00:00 UTC,144046525832.963
2020-01-10 00:00:00 UTC,141194144043.095
2020-01-11 00:00:00 UTC,147463132199.564
2020-01-12 00:00:00 UTC,144300822590.87
2020-01-13 00:00:00 UTC,147441000183.333
2020-01-14 00:00:00 UTC,147330773275.166
2020-01-15 00:00:00 UTC,160120615784.828
2020-01-16 00:00:00 UTC,158038965202.853
2020-01-17 00:00:00 UTC,157023165902.754
2020-01-18 00:00:00 UTC,161889276286.31
2020-01-19 00:00:00 UTC,161601651981.038
2020-01-20 00:00:00 UTC,156711335415.146
2020-01-21 00:00:00 UTC,155933177026.332
2020-01-22 00:00:00 UTC,157880613711.102
2020-01-23 00:00:00 UTC,156291604183.192
2020-01-24 00:00:00 UTC,151714387341.336
2020-01-25 00:00:00 UTC,151091243622.756
2020-01-26 00:00:00 UTC,150111990059.708
2020-01-27 00:00:00 UTC,156265658620.403
2020-01-28 00:00:00 UTC,163620104979.71
2020-01-29 00:00:00 UTC,170326704267.125
2020-01-30 00:00:00 UTC,168022271110.914
2020-01-31 00:00:00 UTC,171931971842.892
2020-02-01 00:00:00 UTC,169426457122.837
2020-02-02 00:00:00 UTC,169449408246.121
2020-02-03 00:00:00 UTC,169064023262.914
2020-02-04 00:00:00 UTC,168787767250.778
2020-02-05 00:00:00 UTC,166445554290.751
2020-02-06 00:00:00 UTC,173292776075.957
2020-02-07 00:00:00 UTC,176736589461.276
2020-02-08 00:00:00 UTC,177486872320.098
2020-02-09 00:00:00 UTC,179637181070.97
2020-02-10 00:00:00 UTC,184525916624.991
2020-02-11 00:00:00 UTC,177978328133.16
2020-02-12 00:00:00 UTC,187126720233.165
2020-02-13 00:00:00 UTC,187806353280.247
2020-02-14 00:00:00 UTC,184677034869.442
2020-02-15 00:00:00 UTC,188084561168.29
2020-02-16 00:00:00 UTC,179602463103.466
2020-02-17 00:00:00 UTC,179348011760.095
2020-02-18 00:00:00 UTC,175240647214.661
2020-02-19 00:00:00 UTC,184502205047.34
2020-02-20 00:00:00 UTC,174186665443.369
2020-02-21 00:00:00 UTC,173872959212.487
2020-02-22 00:00:00 UTC,176049391598.112
2020-02-23 00:00:00 UTC,175619091236.305
2020-02-24 00:00:00 UTC,181563274167.679
2020-02-25 00:00:00 UTC,174503123945.708
2020-02-26 00:00:00 UTC,169005051601.872
2020-02-27 00:00:00 UTC,156937950344.891
2020-02-28 00:00:00 UTC,159792187002.987
2020-02-29 00:00:00 UTC,158666751553.919
2020-03-01 00:00:00 UTC,155846774379.203
2020-03-02 00:00:00 UTC,154973138644.586
2020-03-03 00:00:00 UTC,160631955847.034
2020-03-04 00:00:00 UTC,158777174156.814
2020-03-05 00:00:00 UTC,160663020818.563
2020-03-06 00:00:00 UTC,164215506817.578
2020-03-07 00:00:00 UTC,166201961896.772
2020-03-08 00:00:00 UTC,161050943530.034
2020-03-09 00:00:00 UTC,147669202786.266
2020-03-10 00:00:00 UTC,143995750703.353
2020-03-11 00:00:00 UTC,144232978701.551
2020-03-12 00:00:00 UTC,144352265132.137
2020-03-13 00:00:00 UTC,84484005232.7335
2020-03-14 00:00:00 UTC,99926775571.9146
2020-03-15 00:00:00 UTC,94699200689.802
2020-03-16 00:00:00 UTC,95615692733.8268
2020-03-17 00:00:00 UTC,91143305283.2801
2020-03-18 00:00:00 UTC,97900447881.8003
2020-03-19 00:00:00 UTC,98044213191.5028
2020-03-20 00:00:00 UTC,113060265558.189
2020-03-21 00:00:00 UTC,111462490562.787
2020-03-22 00:00:00 UTC,112011855797.67
2020-03-23 00:00:00 UTC,106116992909.133
2020-03-24 00:00:00 UTC,120248964068.532
2020-03-25 00:00:00 UTC,121249405933.391
2020-03-26 00:00:00 UTC,122808525188.877
2020-03-27 00:00:00 UTC,124572093531.931
2020-03-28 00:00:00 UTC,114074447174.473
2020-03-29 00:00:00 UTC,113404311641.133
2020-03-30 00:00:00 UTC,107322676062.719
2020-03-31 00:00:00 UTC,117452064292.337
2020-04-01 00:00:00 UTC,115175518657.168
